<!--
  ~ Copyright 2013-2015 Sergey Ignatov, Alexander Zolotov, Florin Patan
  ~
  ~ Licensed under the Apache License, Version 2.0 (the "License");
  ~ you may not use this file except in compliance with the License.
  ~ You may obtain a copy of the License at
  ~
  ~ http://www.apache.org/licenses/LICENSE-2.0
  ~
  ~ Unless required by applicable law or agreed to in writing, software
  ~ distributed under the License is distributed on an "AS IS" BASIS,
  ~ WITHOUT WARRANTIES OR CONDITIONS OF ANY KIND, either express or implied.
  ~ See the License for the specific language governing permissions and
  ~ limitations under the License.
  -->

<idea-plugin version="2">
  <extensions defaultExtensionNs="ro.redeul.google.go">
    <appengine.Extension implementation="com.goide.appengine.GoAppEngineExtension"/>
  </extensions>
  <extensions defaultExtensionNs="com.intellij">
    <projectService serviceImplementation="com.goide.appengine.YamlFilesModificationTracker"/>
    <library.presentationProvider implementation="com.goide.appengine.GoAppEngineLibraryPresentationProvider"/>
    
    <!-- run application -->
    <configurationType implementation="com.goide.appengine.run.GoAppEngineRunConfigurationType"/>
    
    <!-- app engine remoteServer.type extension here -->
  </extensions>

</idea-plugin>

